"","treatment","session.code","groupID","round","contribution","endowment","stock","gain","bot_active","gini","share","rich","noComprehension","student"
"1","replication","8gi7c8xg","8gi7c8xg_2",1,35,80,101,21,0,0.201320132013201,0.4375,FALSE,0,FALSE
"2","replication","8gi7c8xg","8gi7c8xg_2",2,32,101,117,16,0,0.293447293447294,0.316831683168317,FALSE,0,FALSE
"3","replication","8gi7c8xg","8gi7c8xg_2",3,29,117,132,15,0,0.343434343434343,0.247863247863248,FALSE,0,FALSE
"4","replication","8gi7c8xg","8gi7c8xg_2",4,21,132,143,11,0,0.365967365967366,0.159090909090909,FALSE,0,FALSE
"5","replication","8gi7c8xg","8gi7c8xg_2",5,21,143,154,11,0,0.411255411255411,0.146853146853147,FALSE,0,FALSE
"6","replication","8gi7c8xg","8gi7c8xg_2",6,17,154,165,11,0,0.418181818181818,0.11038961038961,FALSE,0,FALSE
"7","replication","8gi7c8xg","8gi7c8xg_2",7,15,165,174,9,0,0.406130268199234,0.0909090909090909,FALSE,0,FALSE
"8","replication","8gi7c8xg","8gi7c8xg_2",8,7,174,179,5,0,0.422718808193668,0.0402298850574713,FALSE,0,FALSE
"9","replication","8gi7c8xg","8gi7c8xg_2",9,0,179,179,0,0,0.422718808193668,0,FALSE,0,FALSE
"10","replication","8gi7c8xg","8gi7c8xg_2",10,6,179,185,6,0,0.405405405405405,0.0335195530726257,FALSE,0,FALSE
"11","replication","8gi7c8xg","8gi7c8xg_3",1,65,80,115,35,0,0.101449275362319,0.8125,TRUE,0,FALSE
"12","replication","8gi7c8xg","8gi7c8xg_3",2,90,115,161,46,0,0.134575569358178,0.782608695652174,TRUE,0,FALSE
"13","replication","8gi7c8xg","8gi7c8xg_3",3,103,161,214,53,0,0.0934579439252336,0.639751552795031,TRUE,0,FALSE
"14","replication","8gi7c8xg","8gi7c8xg_3",4,136,214,282,68,0,0.120567375886525,0.635514018691589,TRUE,0,FALSE
"15","replication","8gi7c8xg","8gi7c8xg_3",5,183,282,375,93,0,0.137777777777778,0.648936170212766,TRUE,0,FALSE
"16","replication","8gi7c8xg","8gi7c8xg_3",6,257,375,506,131,0,0.146245059288537,0.685333333333333,TRUE,0,FALSE
"17","replication","8gi7c8xg","8gi7c8xg_3",7,319,506,667,161,0,0.153423288355822,0.630434782608696,TRUE,0,FALSE
"18","replication","8gi7c8xg","8gi7c8xg_3",8,400,667,867,200,0,0.164167627835448,0.599700149925038,TRUE,0,FALSE
"19","replication","8gi7c8xg","8gi7c8xg_3",9,522,867,1129,262,0,0.125479775612637,0.602076124567474,TRUE,0,FALSE
"20","replication","8gi7c8xg","8gi7c8xg_3",10,588,1129,1425,296,0,0.210760233918129,0.520814880425155,TRUE,0,FALSE
"21","replication","8gi7c8xg","8gi7c8xg_4",1,65,80,115,35,0,0.101449275362319,0.8125,TRUE,0,FALSE
"22","replication","8gi7c8xg","8gi7c8xg_4",2,90,115,161,46,0,0.134575569358178,0.782608695652174,TRUE,0,FALSE
"23","replication","8gi7c8xg","8gi7c8xg_4",3,134,161,231,70,0,0.108225108225108,0.832298136645963,TRUE,0,FALSE
"24","replication","8gi7c8xg","8gi7c8xg_4",4,192,231,327,96,0,0.0907237512742099,0.831168831168831,TRUE,0,FALSE
"25","replication","8gi7c8xg","8gi7c8xg_4",5,259,327,460,133,0,0.0695652173913042,0.792048929663609,TRUE,0,FALSE
"26","replication","8gi7c8xg","8gi7c8xg_4",6,345,460,635,175,0,0.00367454068241457,0.75,TRUE,0,FALSE
"27","replication","8gi7c8xg","8gi7c8xg_4",7,342,635,809,174,0,0.0951792336217553,0.538582677165354,TRUE,0,FALSE
"28","replication","8gi7c8xg","8gi7c8xg_4",8,265,809,944,135,0,0.121468926553672,0.327564894932015,TRUE,0,FALSE
"29","replication","8gi7c8xg","8gi7c8xg_4",9,167,944,1029,85,0,0.0793650793650794,0.176906779661017,TRUE,0,FALSE
"30","replication","8gi7c8xg","8gi7c8xg_4",10,157,1029,1108,79,0,0.0619735258724428,0.152575315840622,TRUE,0,FALSE
"31","replication","d6jrsxnr","d6jrsxnr_10",1,42,80,102,22,0,0.209150326797386,0.525,FALSE,0,TRUE
"32","replication","d6jrsxnr","d6jrsxnr_10",2,13,102,109,7,0,0.119266055045872,0.127450980392157,FALSE,0,TRUE
"33","replication","d6jrsxnr","d6jrsxnr_10",3,17,109,120,11,0,0.105555555555555,0.155963302752294,FALSE,0,TRUE
"34","replication","d6jrsxnr","d6jrsxnr_10",4,24,120,132,12,0,0.095959595959596,0.2,FALSE,0,TRUE
"35","replication","d6jrsxnr","d6jrsxnr_10",5,24,132,144,12,0,0.0972222222222223,0.181818181818182,FALSE,0,TRUE
"36","replication","d6jrsxnr","d6jrsxnr_10",6,28,144,160,16,0,0.108333333333333,0.194444444444444,FALSE,0,TRUE
"37","replication","d6jrsxnr","d6jrsxnr_10",7,24,160,172,12,0,0.13953488372093,0.15,FALSE,0,TRUE
"38","replication","d6jrsxnr","d6jrsxnr_10",8,15,172,181,9,0,0.123388581952118,0.0872093023255814,FALSE,0,TRUE
"39","replication","d6jrsxnr","d6jrsxnr_10",9,14,181,191,10,0,0.116928446771379,0.0773480662983425,FALSE,0,TRUE
"40","replication","d6jrsxnr","d6jrsxnr_10",10,18,191,201,10,0,0.0978441127694859,0.0942408376963351,FALSE,0,TRUE
"41","replication","d6jrsxnr","d6jrsxnr_11",1,40,80,100,20,0,0.0999999999999999,0.5,TRUE,0,TRUE
"42","replication","d6jrsxnr","d6jrsxnr_11",2,50,100,126,26,0,0.158730158730159,0.5,TRUE,0,TRUE
"43","replication","d6jrsxnr","d6jrsxnr_11",3,63,126,159,33,0,0.194968553459119,0.5,TRUE,0,TRUE
"44","replication","d6jrsxnr","d6jrsxnr_11",4,78,159,201,42,0,0.131011608623549,0.490566037735849,TRUE,0,TRUE
"45","replication","d6jrsxnr","d6jrsxnr_11",5,115,201,262,61,0,0.157760814249364,0.572139303482587,TRUE,0,TRUE
"46","replication","d6jrsxnr","d6jrsxnr_11",6,170,262,348,86,0,0.157088122605364,0.648854961832061,TRUE,0,TRUE
"47","replication","d6jrsxnr","d6jrsxnr_11",7,190,348,446,98,0,0.116591928251121,0.545977011494253,TRUE,0,TRUE
"48","replication","d6jrsxnr","d6jrsxnr_11",8,188,446,542,96,0,0.226322263222632,0.42152466367713,TRUE,0,TRUE
"49","replication","d6jrsxnr","d6jrsxnr_11",9,50,542,568,26,0,0.23943661971831,0.0922509225092251,TRUE,0,TRUE
"50","replication","d6jrsxnr","d6jrsxnr_11",10,25,568,583,15,0,0.26357918810749,0.0440140845070423,TRUE,0,TRUE
"51","replication","d6jrsxnr","d6jrsxnr_12",1,16,80,88,8,0,0.121212121212121,0.2,FALSE,0,TRUE
"52","replication","d6jrsxnr","d6jrsxnr_12",2,10,88,94,6,0,0.134751773049645,0.113636363636364,FALSE,0,TRUE
"53","replication","d6jrsxnr","d6jrsxnr_12",3,10,94,100,6,0,0.0866666666666666,0.106382978723404,FALSE,0,TRUE
"54","replication","d6jrsxnr","d6jrsxnr_12",4,8,100,104,4,0,0.108974358974359,0.08,FALSE,0,TRUE
"55","replication","d6jrsxnr","d6jrsxnr_12",5,8,104,108,4,0,0.0864197530864198,0.0769230769230769,FALSE,0,TRUE
"56","replication","d6jrsxnr","d6jrsxnr_12",6,5,108,111,3,0,0.075075075075075,0.0462962962962963,FALSE,0,TRUE
"57","replication","d6jrsxnr","d6jrsxnr_12",7,8,111,115,4,0,0.0434782608695651,0.0720720720720721,FALSE,0,TRUE
"58","replication","d6jrsxnr","d6jrsxnr_12",8,2,115,117,2,0,0.0484330484330486,0.0173913043478261,FALSE,0,TRUE
"59","replication","d6jrsxnr","d6jrsxnr_12",9,4,117,121,4,0,0.0358126721763086,0.0341880341880342,FALSE,0,TRUE
"60","replication","d6jrsxnr","d6jrsxnr_12",10,4,121,125,4,0,0.0346666666666667,0.0330578512396694,FALSE,0,TRUE
"61","replication","d6jrsxnr","d6jrsxnr_13",1,35,80,101,21,0,0.0495049504950495,0.4375,TRUE,0,TRUE
"62","replication","d6jrsxnr","d6jrsxnr_13",2,50,101,127,26,0,0.196850393700787,0.495049504950495,TRUE,0,TRUE
"63","replication","d6jrsxnr","d6jrsxnr_13",3,55,127,156,29,0,0.256410256410256,0.433070866141732,TRUE,0,TRUE
"64","replication","d6jrsxnr","d6jrsxnr_13",4,59,156,189,33,0,0.347442680776014,0.378205128205128,TRUE,0,TRUE
"65","replication","d6jrsxnr","d6jrsxnr_13",5,68,189,225,36,0,0.416296296296296,0.35978835978836,TRUE,0,TRUE
"66","replication","d6jrsxnr","d6jrsxnr_13",6,58,225,255,30,0,0.484967320261438,0.257777777777778,TRUE,0,TRUE
"67","replication","d6jrsxnr","d6jrsxnr_13",7,42,255,277,22,0,0.463297232250301,0.164705882352941,TRUE,0,TRUE
"68","replication","d6jrsxnr","d6jrsxnr_13",8,42,277,299,22,0,0.525083612040134,0.151624548736462,TRUE,0,TRUE
"69","replication","d6jrsxnr","d6jrsxnr_13",9,17,299,310,11,0,0.559139784946237,0.0568561872909699,TRUE,0,TRUE
"70","replication","d6jrsxnr","d6jrsxnr_13",10,12,310,318,8,0,0.519916142557652,0.0387096774193548,TRUE,0,TRUE
"71","replication","d6jrsxnr","d6jrsxnr_14",1,47,80,105,25,0,0.168253968253968,0.5875,TRUE,0,TRUE
"72","replication","d6jrsxnr","d6jrsxnr_14",2,28,105,121,16,0,0.107438016528926,0.266666666666667,TRUE,0,TRUE
"73","replication","d6jrsxnr","d6jrsxnr_14",3,56,121,149,28,0,0.194630872483221,0.462809917355372,TRUE,0,TRUE
"74","replication","d6jrsxnr","d6jrsxnr_14",4,32,149,165,16,0,0.0787878787878788,0.214765100671141,TRUE,0,TRUE
"75","replication","d6jrsxnr","d6jrsxnr_14",5,57,165,196,31,0,0.193877551020408,0.345454545454545,TRUE,0,TRUE
"76","replication","d6jrsxnr","d6jrsxnr_14",6,29,196,211,15,0,0.143759873617694,0.147959183673469,TRUE,0,TRUE
"77","replication","d6jrsxnr","d6jrsxnr_14",7,44,211,235,24,0,0.188652482269503,0.208530805687204,TRUE,0,TRUE
"78","replication","d6jrsxnr","d6jrsxnr_14",8,17,235,246,11,0,0.168021680216802,0.0723404255319149,TRUE,0,TRUE
"79","replication","d6jrsxnr","d6jrsxnr_14",9,50,246,272,26,0,0.267156862745098,0.203252032520325,TRUE,0,TRUE
"80","replication","d6jrsxnr","d6jrsxnr_14",10,23,272,285,13,0,0.235087719298246,0.0845588235294118,TRUE,0,TRUE
"81","replication","d6jrsxnr","d6jrsxnr_15",1,55,80,109,29,0,0.107033639143731,0.6875,TRUE,0,TRUE
"82","replication","d6jrsxnr","d6jrsxnr_15",2,64,109,141,32,0,0.163120567375887,0.587155963302752,TRUE,0,TRUE
"83","replication","d6jrsxnr","d6jrsxnr_15",3,83,141,186,45,0,0.161290322580645,0.588652482269504,TRUE,0,TRUE
"84","replication","d6jrsxnr","d6jrsxnr_15",4,112,186,242,56,0,0.159779614325069,0.602150537634409,TRUE,0,TRUE
"85","replication","d6jrsxnr","d6jrsxnr_15",5,149,242,317,75,0,0.152471083070452,0.615702479338843,TRUE,0,TRUE
"86","replication","d6jrsxnr","d6jrsxnr_15",6,196,317,417,100,0,0.160671462829736,0.618296529968454,TRUE,0,TRUE
"87","replication","d6jrsxnr","d6jrsxnr_15",7,275,417,558,141,0,0.129032258064516,0.65947242206235,TRUE,0,TRUE
"88","replication","d6jrsxnr","d6jrsxnr_15",8,370,558,744,186,0,0.130824372759857,0.663082437275986,TRUE,0,TRUE
"89","replication","d6jrsxnr","d6jrsxnr_15",9,481,744,987,243,0,0.134751773049645,0.646505376344086,TRUE,0,TRUE
"90","replication","d6jrsxnr","d6jrsxnr_15",10,569,987,1274,287,0,0.122448979591837,0.576494427558257,TRUE,0,TRUE
"91","replication","d6jrsxnr","d6jrsxnr_16",1,23,80,93,13,0,0.118279569892473,0.2875,FALSE,0,TRUE
"92","replication","d6jrsxnr","d6jrsxnr_16",2,30,93,111,18,0,0.129129129129129,0.32258064516129,FALSE,0,TRUE
"93","replication","d6jrsxnr","d6jrsxnr_16",3,28,111,127,16,0,0.149606299212598,0.252252252252252,FALSE,0,TRUE
"94","replication","d6jrsxnr","d6jrsxnr_16",4,30,127,145,18,0,0.144827586206897,0.236220472440945,FALSE,0,TRUE
"95","replication","d6jrsxnr","d6jrsxnr_16",5,31,145,162,17,0,0.148148148148148,0.213793103448276,FALSE,0,TRUE
"96","replication","d6jrsxnr","d6jrsxnr_16",6,27,162,179,17,0,0.124767225325884,0.166666666666667,FALSE,0,TRUE
"97","replication","d6jrsxnr","d6jrsxnr_16",7,29,179,194,15,0,0.116838487972508,0.162011173184358,FALSE,0,TRUE
"98","replication","d6jrsxnr","d6jrsxnr_16",8,17,194,205,11,0,0.0699186991869919,0.0876288659793814,FALSE,0,TRUE
"99","replication","d6jrsxnr","d6jrsxnr_16",9,17,205,216,11,0,0.0956790123456791,0.0829268292682927,FALSE,0,TRUE
"100","replication","d6jrsxnr","d6jrsxnr_16",10,11,216,225,9,0,0.0755555555555555,0.0509259259259259,FALSE,0,TRUE
"101","replication","d6jrsxnr","d6jrsxnr_17",1,30,80,98,18,0,0.102040816326531,0.375,TRUE,0,TRUE
"102","replication","d6jrsxnr","d6jrsxnr_17",2,35,98,119,21,0,0.126050420168067,0.357142857142857,TRUE,0,TRUE
"103","replication","d6jrsxnr","d6jrsxnr_17",3,45,119,142,23,0,0.187793427230047,0.378151260504202,TRUE,0,TRUE
"104","replication","d6jrsxnr","d6jrsxnr_17",4,55,142,171,29,0,0.185185185185185,0.387323943661972,TRUE,0,TRUE
"105","replication","d6jrsxnr","d6jrsxnr_17",5,80,171,211,40,0,0.165876777251185,0.467836257309941,TRUE,0,TRUE
"106","replication","d6jrsxnr","d6jrsxnr_17",6,70,211,249,38,0,0.153949129852744,0.33175355450237,TRUE,0,TRUE
"107","replication","d6jrsxnr","d6jrsxnr_17",7,60,249,281,32,0,0.219454329774615,0.240963855421687,TRUE,0,TRUE
"108","replication","d6jrsxnr","d6jrsxnr_17",8,60,281,313,32,0,0.197018104366347,0.213523131672598,TRUE,0,TRUE
"109","replication","d6jrsxnr","d6jrsxnr_17",9,56,313,341,28,0,0.231671554252199,0.178913738019169,TRUE,0,TRUE
"110","replication","d6jrsxnr","d6jrsxnr_17",10,41,341,364,23,0,0.217948717948718,0.120234604105572,TRUE,0,TRUE
"111","replication","d6jrsxnr","d6jrsxnr_2",1,50,80,106,26,0,0.220125786163522,0.625,FALSE,0,TRUE
"112","replication","d6jrsxnr","d6jrsxnr_2",2,43,106,131,25,0,0.312977099236641,0.405660377358491,FALSE,0,TRUE
"113","replication","d6jrsxnr","d6jrsxnr_2",3,10,131,137,6,0,0.328467153284672,0.0763358778625954,FALSE,0,TRUE
"114","replication","d6jrsxnr","d6jrsxnr_2",4,0,137,137,0,0,0.328467153284672,0,FALSE,0,TRUE
"115","replication","d6jrsxnr","d6jrsxnr_2",5,0,137,137,0,0,0.328467153284672,0,FALSE,0,TRUE
"116","replication","d6jrsxnr","d6jrsxnr_2",6,10,137,143,6,0,0.244755244755245,0.072992700729927,FALSE,0,TRUE
"117","replication","d6jrsxnr","d6jrsxnr_2",7,25,143,158,15,0,0.375527426160337,0.174825174825175,FALSE,0,TRUE
"118","replication","d6jrsxnr","d6jrsxnr_2",8,15,158,167,9,0,0.345309381237525,0.0949367088607595,FALSE,0,TRUE
"119","replication","d6jrsxnr","d6jrsxnr_2",9,5,167,170,3,0,0.309803921568628,0.029940119760479,FALSE,0,TRUE
"120","replication","d6jrsxnr","d6jrsxnr_2",10,0,170,170,0,0,0.309803921568628,0,FALSE,0,TRUE
"121","replication","d6jrsxnr","d6jrsxnr_3",1,7,80,85,5,0,0.0666666666666667,0.0875,FALSE,0,TRUE
"122","replication","d6jrsxnr","d6jrsxnr_3",2,2,85,87,2,0,0.0881226053639847,0.0235294117647059,FALSE,0,TRUE
"123","replication","d6jrsxnr","d6jrsxnr_3",3,0,87,87,0,0,0.0881226053639847,0,FALSE,0,TRUE
"124","replication","d6jrsxnr","d6jrsxnr_3",4,0,87,87,0,0,0.0881226053639847,0,FALSE,0,TRUE
"125","replication","d6jrsxnr","d6jrsxnr_3",5,1,87,90,3,0,0.0962962962962962,0.0114942528735632,FALSE,0,TRUE
"126","replication","d6jrsxnr","d6jrsxnr_3",6,0,90,90,0,0,0.0962962962962962,0,FALSE,0,TRUE
"127","replication","d6jrsxnr","d6jrsxnr_3",7,0,90,90,0,0,0.0962962962962962,0,FALSE,0,TRUE
"128","replication","d6jrsxnr","d6jrsxnr_3",8,0,90,90,0,0,0.0962962962962962,0,FALSE,0,TRUE
"129","replication","d6jrsxnr","d6jrsxnr_3",9,2,90,92,2,0,0.115942028985507,0.0222222222222222,FALSE,0,TRUE
"130","replication","d6jrsxnr","d6jrsxnr_3",10,0,92,92,0,0,0.115942028985507,0,FALSE,0,TRUE
"131","replication","d6jrsxnr","d6jrsxnr_4",1,59,80,113,33,0,0.156342182890855,0.7375,TRUE,0,TRUE
"132","replication","d6jrsxnr","d6jrsxnr_4",2,68,113,149,36,0,0.266219239373602,0.601769911504425,TRUE,0,TRUE
"133","replication","d6jrsxnr","d6jrsxnr_4",3,62,149,183,34,0,0.351548269581056,0.416107382550336,TRUE,0,TRUE
"134","replication","d6jrsxnr","d6jrsxnr_4",4,46,183,209,26,0,0.349282296650718,0.251366120218579,TRUE,0,TRUE
"135","replication","d6jrsxnr","d6jrsxnr_4",5,56,209,237,28,0,0.364275668073136,0.267942583732057,TRUE,0,TRUE
"136","replication","d6jrsxnr","d6jrsxnr_4",6,61,237,268,31,0,0.375621890547264,0.257383966244726,TRUE,0,TRUE
"137","replication","d6jrsxnr","d6jrsxnr_4",7,46,268,294,26,0,0.421768707482993,0.171641791044776,TRUE,0,TRUE
"138","replication","d6jrsxnr","d6jrsxnr_4",8,26,294,308,14,0,0.445887445887446,0.0884353741496599,TRUE,0,TRUE
"139","replication","d6jrsxnr","d6jrsxnr_4",9,19,308,321,13,0,0.455867082035306,0.0616883116883117,TRUE,0,TRUE
"140","replication","d6jrsxnr","d6jrsxnr_4",10,9,321,328,7,0,0.467479674796748,0.0280373831775701,TRUE,0,TRUE
"141","replication","d6jrsxnr","d6jrsxnr_5",1,55,80,109,29,0,0.107033639143731,0.6875,FALSE,0,TRUE
"142","replication","d6jrsxnr","d6jrsxnr_5",2,55,109,138,29,0,0.169082125603865,0.504587155963303,FALSE,0,TRUE
"143","replication","d6jrsxnr","d6jrsxnr_5",3,40,138,158,20,0,0.253164556962025,0.289855072463768,FALSE,0,TRUE
"144","replication","d6jrsxnr","d6jrsxnr_5",4,45,158,181,23,0,0.267034990791897,0.284810126582278,FALSE,0,TRUE
"145","replication","d6jrsxnr","d6jrsxnr_5",5,25,181,196,15,0,0.306122448979592,0.138121546961326,FALSE,0,TRUE
"146","replication","d6jrsxnr","d6jrsxnr_5",6,23,196,209,13,0,0.304625199362042,0.11734693877551,FALSE,0,TRUE
"147","replication","d6jrsxnr","d6jrsxnr_5",7,20,209,221,12,0,0.34841628959276,0.0956937799043062,FALSE,0,TRUE
"148","replication","d6jrsxnr","d6jrsxnr_5",8,21,221,232,11,0,0.258620689655172,0.0950226244343891,FALSE,0,TRUE
"149","replication","d6jrsxnr","d6jrsxnr_5",9,1,232,235,3,0,0.259574468085106,0.00431034482758621,FALSE,0,TRUE
"150","replication","d6jrsxnr","d6jrsxnr_5",10,10,235,241,6,0,0.266943291839557,0.0425531914893617,FALSE,0,TRUE
"151","replication","d6jrsxnr","d6jrsxnr_6",1,52,80,108,28,0,0.0740740740740741,0.65,NA,0,TRUE
"152","replication","d6jrsxnr","d6jrsxnr_6",2,53,108,135,27,0,0.135802469135802,0.490740740740741,NA,0,TRUE
"153","replication","d6jrsxnr","d6jrsxnr_6",3,50,135,161,26,0,0.217391304347826,0.37037037037037,NA,0,TRUE
"154","replication","d6jrsxnr","d6jrsxnr_6",4,49,161,188,27,0,0.24113475177305,0.304347826086957,NA,0,TRUE
"155","replication","d6jrsxnr","d6jrsxnr_6",5,39,188,209,21,0,0.250398724082935,0.207446808510638,NA,0,TRUE
"156","replication","d6jrsxnr","d6jrsxnr_6",6,25,209,224,15,0,0.196428571428571,0.119617224880383,NA,0,TRUE
"157","replication","d6jrsxnr","d6jrsxnr_6",7,28,224,240,16,0,0.213888888888889,0.125,NA,0,TRUE
"158","replication","d6jrsxnr","d6jrsxnr_6",8,18,240,250,10,0,0.181333333333333,0.075,NA,0,TRUE
"159","replication","d6jrsxnr","d6jrsxnr_6",9,10,250,256,6,0,0.151041666666667,0.04,NA,0,TRUE
"160","replication","d6jrsxnr","d6jrsxnr_6",10,10,256,262,6,0,0.10941475826972,0.0390625,NA,0,TRUE
"161","replication","d6jrsxnr","d6jrsxnr_7",1,65,80,115,35,0,0.101449275362319,0.8125,TRUE,0,TRUE
"162","replication","d6jrsxnr","d6jrsxnr_7",2,70,115,153,38,0,0.206971677559913,0.608695652173913,TRUE,0,TRUE
"163","replication","d6jrsxnr","d6jrsxnr_7",3,80,153,193,40,0,0.226252158894646,0.522875816993464,TRUE,0,TRUE
"164","replication","d6jrsxnr","d6jrsxnr_7",4,76,193,233,40,0,0.261802575107296,0.393782383419689,TRUE,0,TRUE
"165","replication","d6jrsxnr","d6jrsxnr_7",5,102,233,287,54,0,0.196283391405343,0.437768240343348,TRUE,0,TRUE
"166","replication","d6jrsxnr","d6jrsxnr_7",6,90,287,333,46,0,0.221221221221221,0.313588850174216,TRUE,0,TRUE
"167","replication","d6jrsxnr","d6jrsxnr_7",7,72,333,369,36,0,0.244805781391147,0.216216216216216,TRUE,0,TRUE
"168","replication","d6jrsxnr","d6jrsxnr_7",8,71,369,406,37,0,0.236453201970443,0.192411924119241,TRUE,0,TRUE
"169","replication","d6jrsxnr","d6jrsxnr_7",9,79,406,447,41,0,0.217002237136465,0.194581280788177,TRUE,0,TRUE
"170","replication","d6jrsxnr","d6jrsxnr_7",10,48,447,471,24,0,0.220099079971691,0.10738255033557,TRUE,0,TRUE
"171","replication","d6jrsxnr","d6jrsxnr_8",1,40,80,100,20,0,0.193333333333333,0.5,TRUE,0,TRUE
"172","replication","d6jrsxnr","d6jrsxnr_8",2,34,100,118,18,0,0.0847457627118645,0.34,TRUE,0,TRUE
"173","replication","d6jrsxnr","d6jrsxnr_8",3,36,118,138,20,0,0.0917874396135267,0.305084745762712,TRUE,0,TRUE
"174","replication","d6jrsxnr","d6jrsxnr_8",4,39,138,159,21,0,0.0817610062893082,0.282608695652174,TRUE,0,TRUE
"175","replication","d6jrsxnr","d6jrsxnr_8",5,42,159,181,22,0,0.0865561694290976,0.264150943396226,TRUE,0,TRUE
"176","replication","d6jrsxnr","d6jrsxnr_8",6,44,181,205,24,0,0.0796747967479675,0.243093922651934,TRUE,0,TRUE
"177","replication","d6jrsxnr","d6jrsxnr_8",7,43,205,230,25,0,0.0666666666666667,0.209756097560976,TRUE,0,TRUE
"178","replication","d6jrsxnr","d6jrsxnr_8",8,47,230,255,25,0,0.0745098039215687,0.204347826086957,TRUE,0,TRUE
"179","replication","d6jrsxnr","d6jrsxnr_8",9,43,255,280,25,0,0.0595238095238096,0.168627450980392,TRUE,0,TRUE
"180","replication","d6jrsxnr","d6jrsxnr_8",10,38,280,302,22,0,0.0463576158940396,0.135714285714286,TRUE,0,TRUE
"181","replication","d6jrsxnr","d6jrsxnr_9",1,35,80,101,21,0,0.148514851485149,0.4375,FALSE,0,TRUE
"182","replication","d6jrsxnr","d6jrsxnr_9",2,34,101,119,18,0,0.215686274509804,0.336633663366337,FALSE,0,TRUE
"183","replication","d6jrsxnr","d6jrsxnr_9",3,23,119,132,13,0,0.242424242424242,0.19327731092437,FALSE,0,TRUE
"184","replication","d6jrsxnr","d6jrsxnr_9",4,24,132,144,12,0,0.25,0.181818181818182,FALSE,0,TRUE
"185","replication","d6jrsxnr","d6jrsxnr_9",5,15,144,153,9,0,0.202614379084967,0.104166666666667,FALSE,0,TRUE
"186","replication","d6jrsxnr","d6jrsxnr_9",6,6,153,159,6,0,0.20335429769392,0.0392156862745098,FALSE,0,TRUE
"187","replication","d6jrsxnr","d6jrsxnr_9",7,18,159,169,10,0,0.151873767258383,0.113207547169811,FALSE,0,TRUE
"188","replication","d6jrsxnr","d6jrsxnr_9",8,23,169,182,13,0,0.194139194139194,0.136094674556213,FALSE,0,TRUE
"189","replication","d6jrsxnr","d6jrsxnr_9",9,25,182,197,15,0,0.238578680203046,0.137362637362637,FALSE,0,TRUE
"190","replication","d6jrsxnr","d6jrsxnr_9",10,15,197,206,9,0,0.236245954692557,0.0761421319796954,FALSE,0,TRUE
"191","replication","jyf8xd0s","jyf8xd0s_2",1,40,80,100,20,0,0.2,0.5,TRUE,0,FALSE
"192","replication","jyf8xd0s","jyf8xd0s_2",2,62,100,134,34,0,0.169154228855721,0.62,TRUE,0,FALSE
"193","replication","jyf8xd0s","jyf8xd0s_2",3,83,134,179,45,0,0.173184357541899,0.619402985074627,TRUE,0,FALSE
"194","replication","jyf8xd0s","jyf8xd0s_2",4,79,179,220,41,0,0.2,0.441340782122905,TRUE,0,FALSE
"195","replication","jyf8xd0s","jyf8xd0s_2",5,80,220,260,40,0,0.246153846153846,0.363636363636364,TRUE,0,FALSE
"196","replication","jyf8xd0s","jyf8xd0s_2",6,65,260,295,35,0,0.245197740112994,0.25,TRUE,0,FALSE
"197","replication","jyf8xd0s","jyf8xd0s_2",7,85,295,338,43,0,0.230769230769231,0.288135593220339,TRUE,0,FALSE
"198","replication","jyf8xd0s","jyf8xd0s_2",8,94,338,388,50,0,0.230240549828179,0.27810650887574,TRUE,0,FALSE
"199","replication","jyf8xd0s","jyf8xd0s_2",9,98,388,438,50,0,0.242009132420091,0.252577319587629,TRUE,0,FALSE
"200","replication","jyf8xd0s","jyf8xd0s_2",10,98,438,488,50,0,0.241803278688525,0.223744292237443,TRUE,0,FALSE
"201","replication","jyf8xd0s","jyf8xd0s_3",1,45,80,103,23,0,0.177993527508091,0.5625,TRUE,0,FALSE
"202","replication","jyf8xd0s","jyf8xd0s_3",2,27,103,120,17,0,0.155555555555556,0.262135922330097,TRUE,0,FALSE
"203","replication","jyf8xd0s","jyf8xd0s_3",3,37,120,139,19,0,0.13189448441247,0.308333333333333,TRUE,0,FALSE
"204","replication","jyf8xd0s","jyf8xd0s_3",4,42,139,161,22,0,0.126293995859213,0.302158273381295,TRUE,0,FALSE
"205","replication","jyf8xd0s","jyf8xd0s_3",5,51,161,190,29,0,0.0912280701754386,0.316770186335404,TRUE,0,FALSE
"206","replication","jyf8xd0s","jyf8xd0s_3",6,62,190,224,34,0,0.113095238095238,0.326315789473684,TRUE,0,FALSE
"207","replication","jyf8xd0s","jyf8xd0s_3",7,73,224,263,39,0,0.115335868187579,0.325892857142857,TRUE,0,FALSE
"208","replication","jyf8xd0s","jyf8xd0s_3",8,85,263,306,43,0,0.126361655773421,0.32319391634981,TRUE,0,FALSE
"209","replication","jyf8xd0s","jyf8xd0s_3",9,98,306,356,50,0,0.132958801498127,0.320261437908497,TRUE,0,FALSE
"210","replication","jyf8xd0s","jyf8xd0s_3",10,95,356,405,49,0,0.132510288065844,0.26685393258427,TRUE,0,FALSE
"211","replication","jyf8xd0s","jyf8xd0s_4",1,40,80,100,20,0,0,0.5,TRUE,0,FALSE
"212","replication","jyf8xd0s","jyf8xd0s_4",2,50,100,126,26,0,0.052910052910053,0.5,TRUE,0,FALSE
"213","replication","jyf8xd0s","jyf8xd0s_4",3,72,126,162,36,0,0.0987654320987656,0.571428571428571,TRUE,0,FALSE
"214","replication","jyf8xd0s","jyf8xd0s_4",4,67,162,199,37,0,0.0619765494137354,0.41358024691358,TRUE,0,FALSE
"215","replication","jyf8xd0s","jyf8xd0s_4",5,93,199,246,47,0,0.0840108401084011,0.467336683417085,TRUE,0,FALSE
"216","replication","jyf8xd0s","jyf8xd0s_4",6,104,246,298,52,0,0.0939597315436241,0.422764227642276,TRUE,0,FALSE
"217","replication","jyf8xd0s","jyf8xd0s_4",7,102,298,352,54,0,0.121212121212121,0.342281879194631,TRUE,0,FALSE
"218","replication","jyf8xd0s","jyf8xd0s_4",8,112,352,408,56,0,0.125816993464052,0.318181818181818,TRUE,0,FALSE
"219","replication","jyf8xd0s","jyf8xd0s_4",9,140,408,480,72,0,0.148611111111111,0.343137254901961,TRUE,0,FALSE
"220","replication","jyf8xd0s","jyf8xd0s_4",10,126,480,546,66,0,0.202686202686203,0.2625,TRUE,0,FALSE
"221","replication","jyf8xd0s","jyf8xd0s_5",1,48,80,104,24,0,0.115384615384615,0.6,TRUE,0,FALSE
"222","replication","jyf8xd0s","jyf8xd0s_5",2,36,104,124,20,0,0.134408602150538,0.346153846153846,TRUE,0,FALSE
"223","replication","jyf8xd0s","jyf8xd0s_5",3,50,124,150,26,0,0.102222222222222,0.403225806451613,TRUE,0,FALSE
"224","replication","jyf8xd0s","jyf8xd0s_5",4,54,150,180,30,0,0.103703703703704,0.36,TRUE,0,FALSE
"225","replication","jyf8xd0s","jyf8xd0s_5",5,52,180,208,28,0,0.176282051282051,0.288888888888889,TRUE,0,FALSE
"226","replication","jyf8xd0s","jyf8xd0s_5",6,71,208,245,37,0,0.156462585034014,0.341346153846154,TRUE,0,FALSE
"227","replication","jyf8xd0s","jyf8xd0s_5",7,67,245,282,37,0,0.212765957446808,0.273469387755102,TRUE,0,FALSE
"228","replication","jyf8xd0s","jyf8xd0s_5",8,66,282,316,34,0,0.244725738396625,0.234042553191489,TRUE,0,FALSE
"229","replication","jyf8xd0s","jyf8xd0s_5",9,85,316,359,43,0,0.227483751160631,0.268987341772152,TRUE,0,FALSE
"230","replication","jyf8xd0s","jyf8xd0s_5",10,85,359,402,43,0,0.255389718076285,0.236768802228412,TRUE,0,FALSE
"231","replication","jyf8xd0s","jyf8xd0s_6",1,36,80,100,20,0,0.12,0.45,FALSE,0,FALSE
"232","replication","jyf8xd0s","jyf8xd0s_6",2,33,100,119,19,0,0.137254901960784,0.33,FALSE,0,FALSE
"233","replication","jyf8xd0s","jyf8xd0s_6",3,25,119,134,15,0,0.114427860696517,0.210084033613445,FALSE,0,FALSE
"234","replication","jyf8xd0s","jyf8xd0s_6",4,32,134,150,16,0,0.115555555555556,0.238805970149254,FALSE,0,FALSE
"235","replication","jyf8xd0s","jyf8xd0s_6",5,27,150,167,17,0,0.125748502994012,0.18,FALSE,0,FALSE
"236","replication","jyf8xd0s","jyf8xd0s_6",6,19,167,180,13,0,0.118518518518518,0.11377245508982,FALSE,0,FALSE
"237","replication","jyf8xd0s","jyf8xd0s_6",7,17,180,191,11,0,0.158813263525305,0.0944444444444444,FALSE,0,FALSE
"238","replication","jyf8xd0s","jyf8xd0s_6",8,18,191,201,10,0,0.170812603648425,0.0942408376963351,FALSE,0,FALSE
"239","replication","jyf8xd0s","jyf8xd0s_6",9,16,201,209,8,0,0.192982456140351,0.0796019900497512,FALSE,0,FALSE
"240","replication","jyf8xd0s","jyf8xd0s_6",10,17,209,220,11,0,0.166666666666667,0.0813397129186603,FALSE,0,FALSE
"241","replication","jyf8xd0s","jyf8xd0s_7",1,30,80,98,18,0,0.170068027210884,0.375,FALSE,0,FALSE
"242","replication","jyf8xd0s","jyf8xd0s_7",2,19,98,111,13,0,0.135135135135135,0.193877551020408,FALSE,0,FALSE
"243","replication","jyf8xd0s","jyf8xd0s_7",3,18,111,121,10,0,0.112947658402204,0.162162162162162,FALSE,0,FALSE
"244","replication","jyf8xd0s","jyf8xd0s_7",4,20,121,133,12,0,0.0927318295739348,0.165289256198347,FALSE,0,FALSE
"245","replication","jyf8xd0s","jyf8xd0s_7",5,10,133,139,6,0,0.0599520383693045,0.075187969924812,FALSE,0,FALSE
"246","replication","jyf8xd0s","jyf8xd0s_7",6,16,139,147,8,0,0.0294784580498867,0.115107913669065,FALSE,0,FALSE
"247","replication","jyf8xd0s","jyf8xd0s_7",7,31,147,164,17,0,0.0569105691056911,0.210884353741497,FALSE,0,FALSE
"248","replication","jyf8xd0s","jyf8xd0s_7",8,38,164,186,22,0,0.125448028673835,0.231707317073171,FALSE,0,FALSE
"249","replication","jyf8xd0s","jyf8xd0s_7",9,30,186,204,18,0,0.111111111111111,0.161290322580645,FALSE,0,FALSE
"250","replication","jyf8xd0s","jyf8xd0s_7",10,35,204,225,21,0,0.0992592592592594,0.17156862745098,FALSE,0,FALSE
"251","replication","jyf8xd0s","jyf8xd0s_8",1,20,80,92,12,0,0.130434782608696,0.25,FALSE,0,FALSE
"252","replication","jyf8xd0s","jyf8xd0s_8",2,17,92,103,11,0,0.197411003236246,0.184782608695652,FALSE,0,FALSE
"253","replication","jyf8xd0s","jyf8xd0s_8",3,3,103,108,5,0,0.185185185185185,0.029126213592233,FALSE,0,FALSE
"254","replication","jyf8xd0s","jyf8xd0s_8",4,4,108,112,4,0,0.196428571428571,0.037037037037037,FALSE,0,FALSE
"255","replication","jyf8xd0s","jyf8xd0s_8",5,6,112,118,6,0,0.220338983050847,0.0535714285714286,FALSE,0,FALSE
"256","replication","jyf8xd0s","jyf8xd0s_8",6,1,118,121,3,0,0.206611570247934,0.00847457627118644,FALSE,0,FALSE
"257","replication","jyf8xd0s","jyf8xd0s_8",7,7,121,126,5,0,0.201058201058201,0.0578512396694215,FALSE,0,FALSE
"258","replication","jyf8xd0s","jyf8xd0s_8",8,4,126,130,4,0,0.194871794871795,0.0317460317460317,FALSE,0,FALSE
"259","replication","jyf8xd0s","jyf8xd0s_8",9,3,130,135,5,0,0.195061728395062,0.0230769230769231,FALSE,0,FALSE
"260","replication","jyf8xd0s","jyf8xd0s_8",10,2,135,137,2,0,0.197080291970803,0.0148148148148148,FALSE,0,FALSE
"261","replication","vggk2gh1","vggk2gh1_2",1,35,80,101,21,0,0.214521452145214,0.4375,FALSE,0,FALSE
"262","replication","vggk2gh1","vggk2gh1_2",2,29,101,116,15,0,0.350574712643678,0.287128712871287,FALSE,0,FALSE
"263","replication","vggk2gh1","vggk2gh1_2",3,5,116,119,3,0,0.355742296918767,0.0431034482758621,FALSE,0,FALSE
"264","replication","vggk2gh1","vggk2gh1_2",4,0,119,119,0,0,0.355742296918767,0,FALSE,0,FALSE
"265","replication","vggk2gh1","vggk2gh1_2",5,2,119,121,2,0,0.34435261707989,0.0168067226890756,FALSE,0,FALSE
"266","replication","vggk2gh1","vggk2gh1_2",6,0,121,121,0,0,0.34435261707989,0,FALSE,0,FALSE
"267","replication","vggk2gh1","vggk2gh1_2",7,2,121,123,2,0,0.333333333333333,0.0165289256198347,FALSE,0,FALSE
"268","replication","vggk2gh1","vggk2gh1_2",8,0,123,123,0,0,0.333333333333333,0,FALSE,0,FALSE
"269","replication","vggk2gh1","vggk2gh1_2",9,2,123,125,2,0,0.322666666666667,0.016260162601626,FALSE,0,FALSE
"270","replication","vggk2gh1","vggk2gh1_2",10,0,125,125,0,0,0.322666666666667,0,FALSE,0,FALSE
"271","replication","vggk2gh1","vggk2gh1_3",1,32,80,96,16,0,0.111111111111111,0.4,FALSE,0,FALSE
"272","replication","vggk2gh1","vggk2gh1_3",2,30,96,114,18,0,0.181286549707602,0.3125,FALSE,0,FALSE
"273","replication","vggk2gh1","vggk2gh1_3",3,32,114,130,16,0,0.302564102564103,0.280701754385965,FALSE,0,FALSE
"274","replication","vggk2gh1","vggk2gh1_3",4,16,130,138,8,0,0.314009661835749,0.123076923076923,FALSE,0,FALSE
"275","replication","vggk2gh1","vggk2gh1_3",5,17,138,149,11,0,0.337807606263982,0.123188405797101,FALSE,0,FALSE
"276","replication","vggk2gh1","vggk2gh1_3",6,10,149,155,6,0,0.354838709677419,0.0671140939597315,FALSE,0,FALSE
"277","replication","vggk2gh1","vggk2gh1_3",7,8,155,159,4,0,0.362683438155136,0.0516129032258065,FALSE,0,FALSE
"278","replication","vggk2gh1","vggk2gh1_3",8,1,159,162,3,0,0.349794238683128,0.00628930817610063,FALSE,0,FALSE
"279","replication","vggk2gh1","vggk2gh1_3",9,7,162,167,5,0,0.349301397205589,0.0432098765432099,FALSE,0,FALSE
"280","replication","vggk2gh1","vggk2gh1_3",10,10,167,173,6,0,0.368015414258189,0.0598802395209581,FALSE,0,FALSE
"281","replication","vggk2gh1","vggk2gh1_4",1,20,80,92,12,0,0.108695652173913,0.25,FALSE,0,FALSE
"282","replication","vggk2gh1","vggk2gh1_4",2,10,92,98,6,0,0.102040816326531,0.108695652173913,FALSE,0,FALSE
"283","replication","vggk2gh1","vggk2gh1_4",3,4,98,102,4,0,0.137254901960784,0.0408163265306122,FALSE,0,FALSE
"284","replication","vggk2gh1","vggk2gh1_4",4,6,102,108,6,0,0.185185185185185,0.0588235294117647,FALSE,0,FALSE
"285","replication","vggk2gh1","vggk2gh1_4",5,9,108,115,7,0,0.252173913043478,0.0833333333333333,FALSE,0,FALSE
"286","replication","vggk2gh1","vggk2gh1_4",6,2,115,117,2,0,0.264957264957265,0.0173913043478261,FALSE,0,FALSE
"287","replication","vggk2gh1","vggk2gh1_4",7,8,117,121,4,0,0.322314049586777,0.0683760683760684,FALSE,0,FALSE
"288","replication","vggk2gh1","vggk2gh1_4",8,1,121,124,3,0,0.32258064516129,0.00826446280991736,FALSE,0,FALSE
"289","replication","vggk2gh1","vggk2gh1_4",9,2,124,126,2,0,0.328042328042328,0.0161290322580645,FALSE,0,FALSE
"290","replication","vggk2gh1","vggk2gh1_4",10,1,126,129,3,0,0.317829457364341,0.00793650793650794,FALSE,0,FALSE
"291","noPunish10","5","501",1,35,80,101,21,0,0.181518151815181,0.4375,TRUE,NA,TRUE
"292","noPunish10","5","501",2,35,101,122,21,0,0.109289617486339,0.346534653465347,TRUE,NA,TRUE
"293","noPunish10","5","501",3,53,122,149,27,0,0.114093959731544,0.434426229508197,TRUE,NA,TRUE
"294","noPunish10","5","501",4,70,149,187,38,0,0.0909090909090908,0.469798657718121,TRUE,NA,TRUE
"295","noPunish10","5","501",5,104,187,239,52,0,0.107391910739191,0.556149732620321,TRUE,NA,TRUE
"296","noPunish10","5","501",6,115,239,300,61,0,0.18,0.481171548117155,TRUE,NA,TRUE
"297","noPunish10","5","501",7,143,300,373,73,0,0.243967828418231,0.476666666666667,TRUE,NA,TRUE
"298","noPunish10","5","501",8,128,373,437,64,0,0.307398932112891,0.343163538873995,TRUE,NA,TRUE
"299","noPunish10","5","501",9,94,437,487,50,0,0.233401779603012,0.215102974828375,TRUE,NA,TRUE
"300","noPunish10","5","501",10,1,487,490,3,0,0.23265306122449,0.00205338809034908,TRUE,NA,TRUE
"301","noPunish10","5","502",1,65,80,115,35,0,0.101449275362319,0.8125,TRUE,NA,TRUE
"302","noPunish10","5","502",2,85,115,158,43,0,0.0421940928270041,0.739130434782609,TRUE,NA,TRUE
"303","noPunish10","5","502",3,133,158,225,67,0,0.0785185185185187,0.841772151898734,TRUE,NA,TRUE
"304","noPunish10","5","502",4,182,225,319,94,0,0.084639498432602,0.808888888888889,TRUE,NA,TRUE
"305","noPunish10","5","502",5,261,319,450,131,0,0.085925925925926,0.818181818181818,TRUE,NA,TRUE
"306","noPunish10","5","502",6,370,450,636,186,0,0.0911949685534591,0.822222222222222,TRUE,NA,TRUE
"307","noPunish10","5","502",7,533,636,903,267,0,0.0933923957179772,0.838050314465409,TRUE,NA,TRUE
"308","noPunish10","5","502",8,750,903,1281,378,0,0.104865990111892,0.830564784053156,TRUE,NA,TRUE
"309","noPunish10","5","502",9,762,1281,1663,382,0,0.223892563640008,0.594847775175644,TRUE,NA,TRUE
"310","noPunish10","5","502",10,251,1663,1792,129,0,0.226934523809524,0.150932050511124,TRUE,NA,TRUE
"311","noPunish10","5","503",1,40,80,100,20,0,0.0999999999999999,0.5,NA,NA,TRUE
"312","noPunish10","5","503",2,46,100,126,26,0,0.195767195767196,0.46,NA,NA,TRUE
"313","noPunish10","5","503",3,51,126,155,29,0,0.27741935483871,0.404761904761905,NA,NA,TRUE
"314","noPunish10","5","503",4,55,155,184,29,0,0.293478260869565,0.354838709677419,NA,NA,TRUE
"315","noPunish10","5","503",5,50,184,210,26,0,0.292063492063492,0.271739130434783,NA,NA,TRUE
"316","noPunish10","5","503",6,45,210,233,23,0,0.253218884120172,0.214285714285714,NA,NA,TRUE
"317","noPunish10","5","503",7,53,233,260,27,0,0.256410256410256,0.227467811158798,NA,NA,TRUE
"318","noPunish10","5","503",8,40,260,280,20,0,0.242857142857143,0.153846153846154,NA,NA,TRUE
"319","noPunish10","5","503",9,31,280,297,17,0,0.22334455667789,0.110714285714286,NA,NA,TRUE
"320","noPunish10","5","503",10,9,297,304,7,0,0.199561403508772,0.0303030303030303,NA,NA,TRUE
"321","noPunish10","5","504",1,51,80,109,29,0,0.180428134556575,0.6375,TRUE,NA,TRUE
"322","noPunish10","5","504",2,49,109,136,27,0,0.147058823529412,0.44954128440367,TRUE,NA,TRUE
"323","noPunish10","5","504",3,48,136,160,24,0,0.183333333333333,0.352941176470588,TRUE,NA,TRUE
"324","noPunish10","5","504",4,84,160,204,44,0,0.101307189542484,0.525,TRUE,NA,TRUE
"325","noPunish10","5","504",5,161,204,287,83,0,0.117305458768874,0.78921568627451,TRUE,NA,TRUE
"326","noPunish10","5","504",6,265,287,422,135,0,0.0489731437598735,0.923344947735192,TRUE,NA,TRUE
"327","noPunish10","5","504",7,302,422,576,154,0,0.185185185185185,0.71563981042654,TRUE,NA,TRUE
"328","noPunish10","5","504",8,314,576,734,158,0,0.157129881925522,0.545138888888889,TRUE,NA,TRUE
"329","noPunish10","5","504",9,420,734,946,212,0,0.250176180408739,0.572207084468665,TRUE,NA,TRUE
"330","noPunish10","5","504",10,368,946,1130,184,0,0.400589970501475,0.389006342494715,TRUE,NA,TRUE
"331","noPunish10","5","505",1,34,80,98,18,0,0.142857142857143,0.425,FALSE,NA,TRUE
"332","noPunish10","5","505",2,34,98,116,18,0,0.149425287356322,0.346938775510204,FALSE,NA,TRUE
"333","noPunish10","5","505",3,79,116,157,41,0,0.125265392781316,0.681034482758621,FALSE,NA,TRUE
"334","noPunish10","5","505",4,68,157,193,36,0,0.129533678756477,0.43312101910828,FALSE,NA,TRUE
"335","noPunish10","5","505",5,53,193,220,27,0,0.106060606060606,0.274611398963731,FALSE,NA,TRUE
"336","noPunish10","5","505",6,33,220,239,19,0,0.146443514644351,0.15,FALSE,NA,TRUE
"337","noPunish10","5","505",7,5,239,242,3,0,0.137741046831956,0.0209205020920502,FALSE,NA,TRUE
"338","noPunish10","5","505",8,31,242,259,17,0,0.23037323037323,0.128099173553719,FALSE,NA,TRUE
"339","noPunish10","5","505",9,9,259,266,7,0,0.2531328320802,0.0347490347490347,FALSE,NA,TRUE
"340","noPunish10","5","505",10,0,266,266,0,0,0.2531328320802,0,FALSE,NA,TRUE
"341","noPunish10","5","506",1,31,80,97,17,0,0.0927835051546391,0.3875,FALSE,NA,TRUE
"342","noPunish10","5","506",2,35,97,118,21,0,0.152542372881356,0.360824742268041,FALSE,NA,TRUE
"343","noPunish10","5","506",3,19,118,131,13,0,0.175572519083969,0.161016949152542,FALSE,NA,TRUE
"344","noPunish10","5","506",4,15,131,140,9,0,0.128571428571429,0.114503816793893,FALSE,NA,TRUE
"345","noPunish10","5","506",5,60,140,172,32,0,0.147286821705426,0.428571428571429,FALSE,NA,TRUE
"346","noPunish10","5","506",6,27,172,189,17,0,0.114638447971781,0.156976744186047,FALSE,NA,TRUE
"347","noPunish10","5","506",7,24,189,201,12,0,0.0547263681592041,0.126984126984127,FALSE,NA,TRUE
"348","noPunish10","5","506",8,12,201,209,8,0,0.0366826156299839,0.0597014925373134,FALSE,NA,TRUE
"349","noPunish10","5","506",9,0,209,209,0,0,0.0366826156299839,0,FALSE,NA,TRUE
"350","noPunish10","5","506",10,5,209,212,3,0,0.0440251572327043,0.0239234449760766,FALSE,NA,TRUE
"351","noPunish10","5","507",1,52,80,108,28,0,0.197530864197531,0.65,FALSE,NA,TRUE
"352","noPunish10","5","507",2,52,108,136,28,0,0.313725490196078,0.481481481481481,FALSE,NA,TRUE
"353","noPunish10","5","507",3,44,136,160,24,0,0.325,0.323529411764706,FALSE,NA,TRUE
"354","noPunish10","5","507",4,47,160,185,25,0,0.38018018018018,0.29375,FALSE,NA,TRUE
"355","noPunish10","5","507",5,30,185,203,18,0,0.408866995073892,0.162162162162162,FALSE,NA,TRUE
"356","noPunish10","5","507",6,6,203,209,6,0,0.393939393939394,0.0295566502463054,FALSE,NA,TRUE
"357","noPunish10","5","507",7,14,209,219,10,0,0.397260273972603,0.0669856459330144,FALSE,NA,TRUE
"358","noPunish10","5","507",8,9,219,226,7,0,0.410029498525074,0.0410958904109589,FALSE,NA,TRUE
"359","noPunish10","5","507",9,5,226,229,3,0,0.417758369723435,0.0221238938053097,FALSE,NA,TRUE
"360","noPunish10","5","507",10,2,229,231,2,0,0.422799422799423,0.00873362445414847,FALSE,NA,TRUE
"361","noPunish10","5","508",1,37,80,99,19,0,0.111111111111111,0.4625,FALSE,NA,TRUE
"362","noPunish10","5","508",2,28,99,115,16,0,0.11304347826087,0.282828282828283,FALSE,NA,TRUE
"363","noPunish10","5","508",3,26,115,129,14,0,0.0490956072351422,0.226086956521739,FALSE,NA,TRUE
"364","noPunish10","5","508",4,57,129,160,31,0,0.133333333333333,0.441860465116279,FALSE,NA,TRUE
"365","noPunish10","5","508",5,44,160,184,24,0,0.0615942028985508,0.275,FALSE,NA,TRUE
"366","noPunish10","5","508",6,44,184,208,24,0,0.0833333333333333,0.239130434782609,FALSE,NA,TRUE
"367","noPunish10","5","508",7,42,208,230,22,0,0.133333333333333,0.201923076923077,FALSE,NA,TRUE
"368","noPunish10","5","508",8,14,230,240,10,0,0.119444444444444,0.0608695652173913,FALSE,NA,TRUE
"369","noPunish10","5","508",9,13,240,247,7,0,0.114709851551957,0.0541666666666667,FALSE,NA,TRUE
"370","noPunish10","5","508",10,10,247,253,6,0,0.0988142292490117,0.0404858299595142,FALSE,NA,TRUE
"371","noPunish10","8","801",1,35,80,101,21,0,0.0495049504950495,0.4375,FALSE,NA,TRUE
"372","noPunish10","8","801",2,45,101,124,23,0,0.155913978494624,0.445544554455446,FALSE,NA,TRUE
"373","noPunish10","8","801",3,49,124,151,27,0,0.17439293598234,0.395161290322581,FALSE,NA,TRUE
"374","noPunish10","8","801",4,47,151,176,25,0,0.268939393939394,0.311258278145695,FALSE,NA,TRUE
"375","noPunish10","8","801",5,28,176,192,16,0,0.263888888888889,0.159090909090909,FALSE,NA,TRUE
"376","noPunish10","8","801",6,22,192,206,14,0,0.27831715210356,0.114583333333333,FALSE,NA,TRUE
"377","noPunish10","8","801",7,0,206,206,0,0,0.27831715210356,0,FALSE,NA,TRUE
"378","noPunish10","8","801",8,0,206,206,0,0,0.27831715210356,0,FALSE,NA,TRUE
"379","noPunish10","8","801",9,1,206,209,3,0,0.269537480063796,0.00485436893203883,FALSE,NA,TRUE
"380","noPunish10","8","801",10,0,209,209,0,0,0.269537480063796,0,FALSE,NA,TRUE
"381","noPunish10","8","802",1,46,80,106,26,0,0.113207547169811,0.575,TRUE,NA,TRUE
"382","noPunish10","8","802",2,67,106,143,37,0,0.128205128205128,0.632075471698113,TRUE,NA,TRUE
"383","noPunish10","8","802",3,93,143,190,47,0,0.143859649122807,0.65034965034965,TRUE,NA,TRUE
"384","noPunish10","8","802",4,129,190,257,67,0,0.182879377431907,0.678947368421053,TRUE,NA,TRUE
"385","noPunish10","8","802",5,157,257,336,79,0,0.218253968253968,0.610894941634241,TRUE,NA,TRUE
"386","noPunish10","8","802",6,126,336,402,66,0,0.248756218905473,0.375,TRUE,NA,TRUE
"387","noPunish10","8","802",7,122,402,464,62,0,0.244252873563218,0.303482587064677,TRUE,NA,TRUE
"388","noPunish10","8","802",8,67,464,501,37,0,0.176314038589488,0.144396551724138,TRUE,NA,TRUE
"389","noPunish10","8","802",9,21,501,512,11,0,0.158854166666667,0.0419161676646707,TRUE,NA,TRUE
"390","noPunish10","8","802",10,8,512,516,4,0,0.157622739018088,0.015625,TRUE,NA,TRUE
"391","noPunish10","8","803",1,44,80,104,24,0,0.166666666666667,0.55,TRUE,NA,TRUE
"392","noPunish10","8","803",2,69,104,139,35,0,0.184652278177458,0.663461538461538,TRUE,NA,TRUE
"393","noPunish10","8","803",3,58,139,169,30,0,0.313609467455621,0.41726618705036,TRUE,NA,TRUE
"394","noPunish10","8","803",4,45,169,192,23,0,0.340277777777778,0.266272189349112,TRUE,NA,TRUE
"395","noPunish10","8","803",5,91,192,241,49,0,0.333333333333333,0.473958333333333,TRUE,NA,TRUE
"396","noPunish10","8","803",6,51,241,270,29,0,0.395061728395062,0.211618257261411,TRUE,NA,TRUE
"397","noPunish10","8","803",7,30,270,288,18,0,0.405092592592593,0.111111111111111,TRUE,NA,TRUE
"398","noPunish10","8","803",8,36,288,308,20,0,0.391774891774892,0.125,TRUE,NA,TRUE
"399","noPunish10","8","803",9,36,308,328,20,0,0.392276422764228,0.116883116883117,TRUE,NA,TRUE
"400","noPunish10","8","803",10,32,328,344,16,0,0.403100775193799,0.0975609756097561,TRUE,NA,TRUE
"401","noPunish10","8","804",1,48,80,104,24,0,0.179487179487179,0.6,FALSE,NA,TRUE
"402","noPunish10","8","804",2,24,104,116,12,0,0.137931034482759,0.230769230769231,FALSE,NA,TRUE
"403","noPunish10","8","804",3,13,116,123,7,0,0.159891598915989,0.112068965517241,FALSE,NA,TRUE
"404","noPunish10","8","804",4,19,123,136,13,0,0.205882352941176,0.154471544715447,FALSE,NA,TRUE
"405","noPunish10","8","804",5,8,136,140,4,0,0.185714285714286,0.0588235294117647,FALSE,NA,TRUE
"406","noPunish10","8","804",6,9,140,147,7,0,0.179138321995465,0.0642857142857143,FALSE,NA,TRUE
"407","noPunish10","8","804",7,8,147,151,4,0,0.205298013245033,0.054421768707483,FALSE,NA,TRUE
"408","noPunish10","8","804",8,8,151,155,4,0,0.212903225806452,0.0529801324503311,FALSE,NA,TRUE
"409","noPunish10","8","804",9,5,155,158,3,0,0.240506329113924,0.032258064516129,FALSE,NA,TRUE
"410","noPunish10","8","804",10,5,158,161,3,0,0.267080745341615,0.0316455696202532,FALSE,NA,TRUE
"411","noPunish10","8","805",1,54,80,110,30,0,0.157575757575758,0.675,FALSE,NA,TRUE
"412","noPunish10","8","805",2,44,110,134,24,0,0.194029850746269,0.4,FALSE,NA,TRUE
"413","noPunish10","8","805",3,48,134,158,24,0,0.236286919831224,0.358208955223881,FALSE,NA,TRUE
"414","noPunish10","8","805",4,67,158,195,37,0,0.278632478632479,0.424050632911392,FALSE,NA,TRUE
"415","noPunish10","8","805",5,46,195,221,26,0,0.306184012066365,0.235897435897436,FALSE,NA,TRUE
"416","noPunish10","8","805",6,37,221,240,19,0,0.338888888888889,0.167420814479638,FALSE,NA,TRUE
"417","noPunish10","8","805",7,23,240,253,13,0,0.372859025032938,0.0958333333333333,FALSE,NA,TRUE
"418","noPunish10","8","805",8,29,253,268,15,0,0.365671641791045,0.114624505928854,FALSE,NA,TRUE
"419","noPunish10","8","805",9,22,268,282,14,0,0.373522458628842,0.082089552238806,FALSE,NA,TRUE
"420","noPunish10","8","805",10,27,282,299,17,0,0.382385730211817,0.0957446808510638,FALSE,NA,TRUE
"421","noPunish10","8","806",1,33,80,99,19,0,0.138047138047138,0.4125,NA,NA,TRUE
"422","noPunish10","8","806",2,56,99,127,28,0,0.202099737532808,0.565656565656566,NA,NA,TRUE
"423","noPunish10","8","806",3,68,127,163,36,0,0.280163599182004,0.535433070866142,NA,NA,TRUE
"424","noPunish10","8","806",4,81,163,206,43,0,0.300970873786408,0.496932515337423,NA,NA,TRUE
"425","noPunish10","8","806",5,83,206,251,45,0,0.357237715803453,0.402912621359223,NA,NA,TRUE
"426","noPunish10","8","806",6,54,251,281,30,0,0.383155397390273,0.215139442231076,NA,NA,TRUE
"427","noPunish10","8","806",7,20,281,293,12,0,0.333333333333333,0.0711743772241993,NA,NA,TRUE
"428","noPunish10","8","806",8,4,293,297,4,0,0.331088664421998,0.0136518771331058,NA,NA,TRUE
"429","noPunish10","8","806",9,2.5,297,298.5,1.5,0,0.331103678929766,0.00841750841750842,NA,NA,TRUE
"430","noPunish10","8","806",10,3,299,304,5,0,0.331140350877193,0.0100334448160535,NA,NA,TRUE
"431","noPunish10","8","807",1,34,80,98,18,0,0.0612244897959184,0.425,TRUE,NA,TRUE
"432","noPunish10","8","807",2,44,98,122,24,0,0.092896174863388,0.448979591836735,TRUE,NA,TRUE
"433","noPunish10","8","807",3,44,122,146,24,0,0.0502283105022832,0.360655737704918,TRUE,NA,TRUE
"434","noPunish10","8","807",4,50,146,172,26,0,0.0658914728682172,0.342465753424658,TRUE,NA,TRUE
"435","noPunish10","8","807",5,47,172,197,25,0,0.0727580372250423,0.273255813953488,TRUE,NA,TRUE
"436","noPunish10","8","807",6,42,197,219,22,0,0.0624048706240486,0.213197969543147,TRUE,NA,TRUE
"437","noPunish10","8","807",7,44,219,243,24,0,0.064471879286694,0.200913242009132,TRUE,NA,TRUE
"438","noPunish10","8","807",8,44,243,267,24,0,0.0561797752808989,0.181069958847737,TRUE,NA,TRUE
"439","noPunish10","8","807",9,78,267,309,42,0,0.162891046386192,0.292134831460674,TRUE,NA,TRUE
"440","noPunish10","8","807",10,20,309,321,12,0,0.148494288681205,0.0647249190938511,TRUE,NA,TRUE
"441","noPunish10","8","808",1,51,80,109,29,0,0.131498470948012,0.6375,TRUE,NA,TRUE
"442","noPunish10","8","808",2,50,109,135,26,0,0.150617283950617,0.458715596330275,TRUE,NA,TRUE
"443","noPunish10","8","808",3,57,135,166,31,0,0.1285140562249,0.422222222222222,TRUE,NA,TRUE
"444","noPunish10","8","808",4,91,166,215,49,0,0.0480620155038759,0.548192771084337,TRUE,NA,TRUE
"445","noPunish10","8","808",5,80,215,255,40,0,0.152941176470588,0.372093023255814,TRUE,NA,TRUE
"446","noPunish10","8","808",6,51,255,284,29,0,0.185446009389671,0.2,TRUE,NA,TRUE
"447","noPunish10","8","808",7,19,284,297,13,0,0.178451178451178,0.0669014084507042,TRUE,NA,TRUE
"448","noPunish10","8","808",8,13,297,304,7,0,0.155701754385965,0.0437710437710438,TRUE,NA,TRUE
"449","noPunish10","8","808",9,9,304,311,7,0,0.168274383708467,0.0296052631578947,TRUE,NA,TRUE
"450","noPunish10","8","808",10,6,311,317,6,0,0.154574132492113,0.0192926045016077,TRUE,NA,TRUE
"451","noPunish10","9","901",1,37,80,99,19,0,0.205387205387205,0.4625,TRUE,NA,TRUE
"452","noPunish10","9","901",2,72,99,135,36,0,0.155555555555556,0.727272727272727,TRUE,NA,TRUE
"453","noPunish10","9","901",3,88,135,179,44,0,0.150837988826815,0.651851851851852,TRUE,NA,TRUE
"454","noPunish10","9","901",4,117,179,238,59,0,0.184873949579832,0.653631284916201,TRUE,NA,TRUE
"455","noPunish10","9","901",5,144,238,310,72,0,0.217204301075269,0.605042016806723,TRUE,NA,TRUE
"456","noPunish10","9","901",6,151,310,387,77,0,0.207579672695952,0.487096774193548,TRUE,NA,TRUE
"457","noPunish10","9","901",7,148,387,463,76,0,0.208063354931605,0.382428940568475,TRUE,NA,TRUE
"458","noPunish10","9","901",8,267,463,600,137,0,0.22,0.576673866090713,TRUE,NA,TRUE
"459","noPunish10","9","901",9,372,600,788,188,0,0.207275803722504,0.62,TRUE,NA,TRUE
"460","noPunish10","9","901",10,430,788,1006,218,0,0.153744201457919,0.545685279187817,TRUE,NA,TRUE
"461","noPunish10","9","902",1,40,80,100,20,0,0.2,0.5,TRUE,NA,TRUE
"462","noPunish10","9","902",2,53,100,127,27,0,0.202099737532808,0.53,TRUE,NA,TRUE
"463","noPunish10","9","902",3,55,127,156,29,0,0.166666666666667,0.433070866141732,TRUE,NA,TRUE
"464","noPunish10","9","902",4,66,156,190,34,0,0.105263157894737,0.423076923076923,TRUE,NA,TRUE
"465","noPunish10","9","902",5,93,190,237,47,0,0.0520393811533051,0.489473684210526,TRUE,NA,TRUE
"466","noPunish10","9","902",6,113,237,296,59,0,0.0472972972972974,0.476793248945148,TRUE,NA,TRUE
"467","noPunish10","9","902",7,106,296,350,54,0,0.0571428571428572,0.358108108108108,TRUE,NA,TRUE
"468","noPunish10","9","902",8,95,350,399,49,0,0.0543024227234753,0.271428571428571,TRUE,NA,TRUE
"469","noPunish10","9","902",9,97,399,450,51,0,0.0562962962962962,0.243107769423559,TRUE,NA,TRUE
"470","noPunish10","9","902",10,81,450,493,43,0,0.0398918187964841,0.18,TRUE,NA,TRUE
"471","noPunish10","9","903",1,41,80,103,23,0,0.0420711974110034,0.5125,FALSE,NA,TRUE
"472","noPunish10","9","903",2,41,103,126,23,0,0.0423280423280425,0.398058252427184,FALSE,NA,TRUE
"473","noPunish10","9","903",3,44,126,150,24,0,0.0755555555555555,0.349206349206349,FALSE,NA,TRUE
"474","noPunish10","9","903",4,43,150,175,25,0,0.078095238095238,0.286666666666667,FALSE,NA,TRUE
"475","noPunish10","9","903",5,36,175,195,20,0,0.0735042735042735,0.205714285714286,FALSE,NA,TRUE
"476","noPunish10","9","903",6,33,195,214,19,0,0.0716510903426792,0.169230769230769,FALSE,NA,TRUE
"477","noPunish10","9","903",7,33,214,233,19,0,0.0500715307582261,0.154205607476636,FALSE,NA,TRUE
"478","noPunish10","9","903",8,27,233,250,17,0,0.048,0.11587982832618,FALSE,NA,TRUE
"479","noPunish10","9","903",9,18,250,260,10,0,0.0435897435897437,0.072,FALSE,NA,TRUE
"480","noPunish10","9","903",10,14,260,270,10,0,0.051851851851852,0.0538461538461538,FALSE,NA,TRUE
"481","noPunish10","9","904",1,59,80,113,33,0,0.156342182890855,0.7375,TRUE,NA,TRUE
"482","noPunish10","9","904",2,91,113,162,49,0,0.0370370370370369,0.805309734513274,TRUE,NA,TRUE
"483","noPunish10","9","904",3,126,162,228,66,0,0.0906432748538011,0.777777777777778,TRUE,NA,TRUE
"484","noPunish10","9","904",4,156,228,308,80,0,0.147186147186147,0.684210526315789,TRUE,NA,TRUE
"485","noPunish10","9","904",5,166,308,394,86,0,0.153976311336717,0.538961038961039,TRUE,NA,TRUE
"486","noPunish10","9","904",6,267,394,531,137,0,0.101067168863779,0.677664974619289,TRUE,NA,TRUE
"487","noPunish10","9","904",7,263,531,664,133,0,0.18574297188755,0.495291902071563,TRUE,NA,TRUE
"488","noPunish10","9","904",8,248,664,788,124,0,0.255499153976311,0.373493975903614,TRUE,NA,TRUE
"489","noPunish10","9","904",9,84,788,832,44,0,0.205929487179487,0.106598984771574,TRUE,NA,TRUE
"490","noPunish10","9","904",10,120,832,892,60,0,0.233183856502242,0.144230769230769,TRUE,NA,TRUE
"491","noPunish10","9","905",1,55,80,109,29,0,0.0458715596330276,0.6875,TRUE,NA,TRUE
"492","noPunish10","9","905",2,79,109,150,41,0,0.0355555555555555,0.724770642201835,TRUE,NA,TRUE
"493","noPunish10","9","905",3,95,150,199,49,0,0.0954773869346734,0.633333333333333,TRUE,NA,TRUE
"494","noPunish10","9","905",4,105,199,254,55,0,0.0813648293963253,0.527638190954774,TRUE,NA,TRUE
"495","noPunish10","9","905",5,121,254,317,63,0,0.0809674027339643,0.476377952755905,TRUE,NA,TRUE
"496","noPunish10","9","905",6,136,317,385,68,0,0.0805194805194806,0.429022082018927,TRUE,NA,TRUE
"497","noPunish10","9","905",7,150,385,463,78,0,0.0683945284377249,0.38961038961039,TRUE,NA,TRUE
"498","noPunish10","9","905",8,179,463,556,93,0,0.0539568345323742,0.386609071274298,TRUE,NA,TRUE
"499","noPunish10","9","905",9,141,556,627,71,0,0.0186071238702817,0.253597122302158,TRUE,NA,TRUE
"500","noPunish10","9","905",10,223,627,740,113,0,0.128828828828829,0.355661881977671,TRUE,NA,TRUE
"501","noPunish10","9","906",1,25,80,95,15,0,0.12280701754386,0.3125,FALSE,NA,TRUE
"502","noPunish10","9","906",2,25,95,110,15,0,0.212121212121212,0.263157894736842,FALSE,NA,TRUE
"503","noPunish10","9","906",3,20,110,122,12,0,0.191256830601093,0.181818181818182,FALSE,NA,TRUE
"504","noPunish10","9","906",4,18,122,132,10,0,0.171717171717172,0.147540983606557,FALSE,NA,TRUE
"505","noPunish10","9","906",5,10,132,138,6,0,0.164251207729469,0.0757575757575758,FALSE,NA,TRUE
"506","noPunish10","9","906",6,9,138,145,7,0,0.117241379310345,0.0652173913043478,FALSE,NA,TRUE
"507","noPunish10","9","906",7,13,145,152,7,0,0.131578947368421,0.0896551724137931,FALSE,NA,TRUE
"508","noPunish10","9","906",8,49,152,179,27,0,0.266294227188082,0.322368421052632,FALSE,NA,TRUE
"509","noPunish10","9","906",9,47,179,204,25,0,0.313725490196078,0.262569832402235,FALSE,NA,TRUE
"510","noPunish10","9","906",10,76,204,244,40,0,0.319672131147541,0.372549019607843,FALSE,NA,TRUE
"511","noPunish10","9","907",1,36,80,100,20,0,0.206666666666667,0.45,FALSE,NA,TRUE
"512","noPunish10","9","907",2,45,100,123,23,0,0.300813008130081,0.45,FALSE,NA,TRUE
"513","noPunish10","9","907",3,54,123,153,30,0,0.355119825708061,0.439024390243902,FALSE,NA,TRUE
"514","noPunish10","9","907",4,34,153,171,18,0,0.415204678362573,0.222222222222222,FALSE,NA,TRUE
"515","noPunish10","9","907",5,21,171,182,11,0,0.457875457875458,0.12280701754386,FALSE,NA,TRUE
"516","noPunish10","9","907",6,5,182,185,3,0,0.441441441441441,0.0274725274725275,FALSE,NA,TRUE
"517","noPunish10","9","907",7,13,185,192,7,0,0.46875,0.0702702702702703,FALSE,NA,TRUE
"518","noPunish10","9","907",8,7,192,197,5,0,0.445008460236887,0.0364583333333333,FALSE,NA,TRUE
"519","noPunish10","9","907",9,5,197,200,3,0,0.43,0.0253807106598985,FALSE,NA,TRUE
"520","noPunish10","9","907",10,2,200,202,2,0,0.422442244224423,0.01,FALSE,NA,TRUE
